<?xml version='1.0' encoding='UTF-8'?>
<dinner><house code="2"><person name="Charlie Brown" hunger="1"><stay days="1" traveling="no"></stay><food name="rolls">3.0</food></person><person name="Lucy" hunger="1"><stay days="1" traveling="no"></stay><food name="dressing">4.0</food></person><person name="Linus" hunger="1"><stay days="1" traveling="no"></stay><food name="cherry pie">2.5</food></person><person name="Snoopy" hunger="1"><stay days="1" traveling="no"></stay><food name="Turkey">20.0</food></person><person name="Peppermint Patty" hunger="1"><stay days="1" traveling="no"></stay><food name="yams">2.0</food></person><person name="Woodstock" hunger="1"><stay days="1" traveling="no"></stay><food name="cranberries">2.0</food></person><person name="Marcie" hunger="1"><stay days="1" traveling="no"></stay><food name="fudge">3.5</food></person><person name="Franklin" hunger="1"><stay days="1" traveling="no"></stay><food name="salad">2.0</food></person></house><house code="0"/><house code="8"><person name="Bob" hunger="2"><stay days="2" traveling="yes"></stay><food name="Turkey">15.0</food></person><person name="Phil" hunger="4"><stay days="3" traveling="no"></stay><food name="Dressing">5.0</food><food name="Potatoes">2.0</food></person></house><house code="10"><person name="Bert" hunger="1"><stay days="2" traveling="yes"></stay><food name="Turkey">15.0</food></person><person name="Cassandra" hunger="4"><stay days="2" traveling="no"></stay><food name="cherry pie">2.0</food></person></house></dinner>