<?xml version="1.0" encoding="UTF-8"?>
<dinner>
    <house id="1">
        <person name="Harold" hunger="1">
            <stay  days="2" traveling="yes"/>
            <food name="Turkey">20</food>
        </person>
        <person name="Bob" hunger="4">
            <stay days="5" traveling="no"/>
            <food name="pie">2</food>
            <food name="biscuits">2.5</food>
            <food name="green beans">4</food>
        </person>
        <person name="Paula">
            <stay days="1" traveling="yes"/>
        </person>
    </house>
    <house id="2">
        <person name="Hortense" hunger="2">
            <stay days="1" traveling="yes"/>
            <food name="Turkey">12</food>
        </person>
        <person name="Bernard" hunger="1">
            <stay days="1" traveling="no" />
            <food name="Mashed potatoes">5</food>
        </person>
    </house>
</dinner>