<?xml version='1.0' encoding='UTF-8'?>
<dinner>
    <house code="1">
        <person name="Harold" hunger="1">
            <stay days="2" traveling="yes"></stay>
            <food name="Turkey">20.0</food>
        </person>
        <person name="Bob" hunger="4">
            <stay days="5" traveling="no"></stay>
            <food name="pie">2.0</food>
            <food name="biscuits">2.5</food>
            <food name="green beans">4.0</food>
        </person>
        <person name="Paula" hunger="1">
            <stay days="1" traveling="yes"></stay>
        </person>
    </house>
    <house code="2">
        <person name="Hortense" hunger="2">
            <stay days="1" traveling="yes"></stay>
            <food name="Turkey">12.0</food>
        </person>
        <person name="Bernard" hunger="1">
            <stay days="1" traveling="no"></stay>
            <food name="Mashed potatoes">5.0</food>
        </person>
    </house>
</dinner>